{
  "cards": [
    {
      "_id": 1,
      "name": "Sales",
      "icon": "bi bi-cart",
      "amount": 145,
      "percentage": 0.12,
      "active": true
    },
    {
      "_id": 2,
      "name": "Revenue",
      "icon": "bi bi-currency-dollar",
      "amount": 3246,
      "percentage": 0.08,
      "active": false
    },
    {
      "_id": 3,
      "name": "Customers",
      "icon": "bi bi-people",
      "amount": 1244,
      "percentage": -0.11,
      "active": false
    }
  ],
  "news": [
    {
      "_id": 1,
      "img": "../assets/items/news-1.jpg",
      "title": "Nihil blanditiis at in nihil autem",
      "subtitle": "Sit recusandae non aspernatur laboriosam. Quia enim eligendi sed ut harum",
      "category": "abc"
    },
    {
      "_id": 2,
      "img": "../assets/items/news-2.jpg",
      "title": "Quidem autem et impedit",
      "subtitle": "Illo nemo neque maiores vitae officiis cum eum turos elan dries werona nande",
      "category": "abc"
    },
    {
      "_id": 3,
      "img": "../assets/items/news-3.jpg",
      "title": "Id quia et et ut maxime similique occaecati ut",
      "subtitle": "Fugiat voluptas vero eaque accusantium eos. Consequuntur sed ipsam et totam",
      "category": "abc"
    },
    {
      "_id": 4,
      "img": "../assets/items/news-4.jpg",
      "title": "Laborum corporis quo dara net para",
      "subtitle": "Qui enim quia optio. Eligendi aut asperiores enim repellendusvel rerum cuder",
      "category": "abc"
    },
    {
      "_id": 5,
      "img": "../assets/items/news-5.jpg",
      "title": "Et dolores corrupti quae illo quod dolor",
      "subtitle": "Odit ut eveniet modi reiciendis. Atque cupiditate libero beatae dignissimos eius",
      "category": "abc"
    }
  ],
  "topselling": [
    {
      "_id": 1,
      "preview": "../assets/items/product-1.jpg",
      "name": "Ut inventore ipsa voluptas nulla",
      "price": 64,
      "sold": 124
    },
    {
      "_id": 2,
      "preview": "../assets/items/product-2.jpg",
      "name": "Exercitationem similique doloremque",
      "price": 46,
      "sold": 98
    },
    {
      "_id": 3,
      "preview": "../assets/items/product-3.jpg",
      "name": "Doloribus nisi exercitationem",
      "price": 59,
      "sold": 74
    },
    {
      "_id": 4,
      "preview": "../assets/items/product-4.jpg",
      "name": "Officiis quaerat sint rerum error",
      "price": 32,
      "sold": 63
    },
    {
      "_id": 5,
      "preview": "../assets/items/product-5.jpg",
      "name": "Sit unde debitis delectus repellendus",
      "price": 79,
      "sold": 41
    }
  ],
  "recentsales": [
    {
      "_id": 1,
      "number": "#2457",
      "customer": "Brandon Jacob",
      "product": "At praesentium minu",
      "price": 64,
      "status": "Approved"
    },
    {
      "_id": 2,
      "number": "#2147",
      "customer": "Bridie Kessler",
      "product": "Blanditiis dolor omnis similique",
      "price": 47,
      "status": "Pending"
    },
    {
      "_id": 3,
      "number": "#2049",
      "customer": "Ashleigh Langosh",
      "product": "At recusandae consectetur",
      "price": 147,
      "status": "Approved"
    },
    {
      "_id": 4,
      "number": "#2644",
      "customer": "Angus Grady",
      "product": "Ut voluptatem id earum et",
      "price": 67,
      "status": "Rejected"
    },
    {
      "_id": 5,
      "number": "#3592",
      "customer": "Raheem Lehner",
      "product": "Sunt similique distinctio",
      "price": 135,
      "status": "Approved"
    }
  ],
  "recentactiviy": [
    {
      "_id": 1,
      "time": "32 min",
      "color": "text-success",
      "content": "Quia quae rerum explicabo officiis beatae",
      "highlight": "explicabo officiis"
    },
    {
      "_id": 2,
      "time": "56 min",
      "color": "text-danger",
      "content": "Voluptatem blanditiis blanditiis eveniet",
      "highlight": ""
    },
    {
      "_id": 3,
      "time": "2 hrs",
      "color": "text-primary",
      "content": "Voluptates corrupti molestias voluptatem",
      "highlight": ""
    },
    {
      "_id": 4,
      "time": "1 day",
      "color": "text-info",
      "content": "Tempore autem saepe occaecati voluptatem tempore",
      "highlight": "occaecati voluptatem"
    },
    {
      "_id": 5,
      "time": "2 days",
      "color": "text-warning",
      "content": "Est sit eum reiciendis exercitationem",
      "highlight": ""
    },
    {
      "_id": 6,
      "time": "4 weeks",
      "color": "text-muted",
      "content": "Dicta dolorem harum nulla eius. Ut quidem quidem sit quas",
      "highlight": ""
    }
  ]
}
